{
    "sequence1": {
        "name": "sequence1",
        "annot_fn_pattern": "cam{}_annot.txt",
        "video_fn_pattern": "cam{}.mp4",
        "cam_nbr": 4,
        "video_frame_nbr": 1000,
        "valid_frames_range": [0, 999],
        "frame_width": 1920,
        "frame_height": 1080,
        "homography": [
            [
                [ 1.27157499e+00, -3.99418711e-01,  1.29564608e+03],
                [ 2.34954423e+00,  4.30752907e+00, -3.92780854e+03],
                [ 2.13669387e-04,  4.54253231e-03,  1.00000000e+00]
            ],
            [
                [ 1.85353710e+00,  3.57785023e+00, -2.30511634e+03],
                [-6.27268196e-01,  4.24593432e+00, -9.08231980e+02],
                [-5.64198515e-05,  3.89092305e-03,  1.00000000e+00]
            ],
            [
                [-9.25744323e-01,  3.78822357e+00,  4.38143799e+02],
                [-8.04839410e-01, -6.39467519e-01,  3.73988334e+03],
                [ 1.16408024e-03,  4.11891163e-03,  1.00000000e+00]
            ],
            [
                [-2.60527577e+00, -4.13407771e-01,  8.13716332e+03],
                [ 2.80934149e+00, -1.75164648e+00,  2.92548126e+03],
                [ 8.79338300e-04,  9.80428741e-03,  1.00000000e+00]
            ]
        ],
        "train_ratio": 0.8,
        "eval_ratio": 0.2,
        "test_ratio": 0.2
    }
}
